{"0":{"ul":[1113.37934431409,1337.82113068188],"ur":[2804.21530161804,1348.73123463305],"lr":[2757.09537558275,2383.91738929463],"ll":[1119.44910570703,2379.29666331469]},"1":{"ul":[1111.39285882582,1334.91949314718],"ur":[2805.76892883784,1345.71731165804],"lr":[2759.00338488351,2384.7564683713],"ll":[1117.40311947577,2380.24783832674]},"2":{"ul":[1109.50053084348,1331.97547449835],"ur":[2807.18550263441,1342.78805534109],"lr":[2760.87348706828,2385.49248594162],"ll":[1115.28355096566,2381.14688296214]},"3":{"ul":[1107.6579571435,1329.12505719737],"ur":[2808.69157164898,1339.88163889547],"lr":[2762.8448204682,2386.26872111529],"ll":[1113.13774112531,2381.93418619012]},"4":{"ul":[1105.78176516959,1326.26189877023],"ur":[2810.21577989701,1336.94804563411],"lr":[2764.89811617336,2387.12703731386],"ll":[1111.01808892198,2382.79680783865]},"5":{"ul":[1103.80476680459,1323.51693559729],"ur":[2811.73389367779,1334.06525828506],"lr":[2766.82266265483,2387.84864672434],"ll":[1108.95241793548,2383.72366310058]},"6":{"ul":[1101.84005263232,1320.63334028105],"ur":[2813.19099767324,1331.12533570055],"lr":[2768.80913149085,2388.63309356505],"ll":[1106.8007117097,2384.72060386202]},"7":{"ul":[1099.81714526067,1317.88305118158],"ur":[2814.73604373795,1328.18583387256],"lr":[2770.79620838101,2389.32612417639],"ll":[1104.7705240054,2385.56418744514]},"8":{"ul":[1097.90501092255,1315.04926260395],"ur":[2816.24020901883,1325.2711521322],"lr":[2772.82502858247,2390.11788262295],"ll":[1102.6182601061,2386.4203316223]},"9":{"ul":[1095.98606751816,1312.29001462314],"ur":[2817.78783792248,1322.41096062368],"lr":[2774.85162063392,2390.97163700765],"ll":[1100.54351776452,2387.42329362989]},"10":{"ul":[1093.97688329263,1309.48838145478],"ur":[2819.2894780392,1319.56132373169],"lr":[2776.88603972342,2391.74745843556],"ll":[1098.33663819013,2388.30570971378]},"11":{"ul":[1091.93505714912,1306.75078560907],"ur":[2820.88112997189,1316.66235389669],"lr":[2778.93849914747,2392.53937177796],"ll":[1096.18610098372,2389.23441322044]},"12":{"ul":[1090.06746963622,1303.93477396331],"ur":[2822.30364800822,1313.78361422698],"lr":[2781.04006820849,2393.37351145275],"ll":[1093.9562906341,2390.1590430707]},"13":{"ul":[1088.02926710773,1301.23166295242],"ur":[2823.87698312935,1310.9890781147],"lr":[2783.13167792445,2394.29131862399],"ll":[1091.93378842484,2391.04580615536]},"14":{"ul":[1086.00253443284,1298.42902755694],"ur":[2825.38197482328,1308.13719793564],"lr":[2785.20838508807,2395.074043255],"ll":[1089.6988618011,2391.94436712993]},"15":{"ul":[1083.91700763953,1295.68771420356],"ur":[2826.98294409805,1305.31165204968],"lr":[2787.2760750745,2395.86271070043],"ll":[1087.47203670533,2392.87706455119]},"16":{"ul":[1081.94381382588,1292.97101917654],"ur":[2828.49642934834,1302.48503269148],"lr":[2789.38810304062,2396.63342482793],"ll":[1085.28181473824,2393.77022573771]},"17":{"ul":[1079.86859399627,1290.24892547036],"ur":[2830.03164328924,1299.6432524581],"lr":[2791.54356698889,2397.53195453566],"ll":[1083.12652634854,2394.83565181444]},"18":{"ul":[1077.81379037274,1287.47673913552],"ur":[2831.45673065626,1296.84908527058],"lr":[2793.66718070176,2398.39959899081],"ll":[1080.81968270485,2395.80291184072]},"19":{"ul":[1075.74464302298,1284.75001178524],"ur":[2832.95624128013,1294.02125737233],"lr":[2795.76298974788,2399.19673353506],"ll":[1078.5652769188,2396.78385716045]},"20":{"ul":[1073.82137724877,1282.17426989019],"ur":[2834.51231181702,1291.280949175],"lr":[2797.97200958172,2400.03584535694],"ll":[1076.45016214461,2397.56763862076]},"21":{"ul":[1071.60588338351,1279.55629665258],"ur":[2836.03932956178,1288.50214064447],"lr":[2800.08535908049,2400.79431016636],"ll":[1074.24092003739,2398.57788061675]},"22":{"ul":[1069.54552451991,1276.85448544625],"ur":[2837.62998400784,1285.72416633929],"lr":[2802.17070906576,2401.55144890202],"ll":[1071.87402770356,2399.50204593106]},"23":{"ul":[1067.5136781747,1274.20057013452],"ur":[2839.16657577799,1282.92933549876],"lr":[2804.38933622235,2402.41062285341],"ll":[1069.73437973458,2400.33527352964]},"24":{"ul":[1065.33618809498,1271.52081518361],"ur":[2840.76552040865,1280.20993981548],"lr":[2806.67791356169,2403.31674953472],"ll":[1067.4649759286,2401.24182303706]},"25":{"ul":[1063.20817745065,1268.91208851055],"ur":[2842.33352025693,1277.4835581119],"lr":[2808.74153879119,2404.13267052973],"ll":[1065.19498741679,2402.27675349069]},"26":{"ul":[1061.0079367658,1266.28776778806],"ur":[2843.9078834336,1274.6923876776],"lr":[2810.88750477279,2404.89784313336],"ll":[1062.9498654593,2403.2472697832]},"27":{"ul":[1058.75114164793,1263.64230828848],"ur":[2845.43214304227,1271.911580625],"lr":[2813.093558186,2405.64027994558],"ll":[1060.75996861135,2404.13089276249]},"28":{"ul":[1056.59481269196,1261.00389356972],"ur":[2847.01533131,1269.21746882172],"lr":[2815.31621062752,2406.43426195182],"ll":[1058.38240141826,2405.07699467197]},"29":{"ul":[1054.36263858253,1258.3364965185],"ur":[2848.66581322374,1266.51734108144],"lr":[2817.56878233977,2407.35827192188],"ll":[1056.15661182878,2406.04615937711]},"30":{"ul":[1052.17700494918,1255.77605461635],"ur":[2850.21476423224,1263.78182342801],"lr":[2819.7019530063,2408.0667932079],"ll":[1053.86596758746,2407.04598454806]},"31":{"ul":[1049.76386061918,1253.17043175072],"ur":[2851.80903976272,1261.0465874856],"lr":[2821.96999013958,2408.74046670539],"ll":[1051.62176381451,2407.89615470541]},"32":{"ul":[1047.46575002157,1250.56570091924],"ur":[2853.4419154583,1258.30920776201],"lr":[2824.13492912906,2409.53085594153],"ll":[1049.39083067518,2408.8110189566]},"33":{"ul":[1045.29233919031,1248.05559589957],"ur":[2855.04279027971,1255.57957595917],"lr":[2826.38486904507,2410.36786958445],"ll":[1047.08193470085,2409.89788390565]},"34":{"ul":[1042.99503511812,1245.38234341011],"ur":[2856.64755429553,1252.83391922034],"lr":[2828.64650237756,2411.13964895561],"ll":[1044.68692289492,2410.81621166242]},"35":{"ul":[1040.58447581548,1242.7279020455],"ur":[2858.18348702063,1250.17788033738],"lr":[2830.9026015274,2411.87071093625],"ll":[1042.32013466365,2411.72810533453]},"36":{"ul":[1038.39281177367,1240.18853988947],"ur":[2859.78456072001,1247.5141743421],"lr":[2833.13869884385,2412.66034867234],"ll":[1040.03854935788,2412.65876060452]},"37":{"ul":[1036.11618829103,1237.61850302293],"ur":[2861.40877394966,1244.86250872482],"lr":[2835.43106524959,2413.57594752853],"ll":[1037.70990335531,2413.65067125362]},"38":{"ul":[1033.65317330412,1235.05320856151],"ur":[2863.00637913503,1242.18216627206],"lr":[2837.67635611112,2414.19547220454],"ll":[1035.40536617834,2414.54017540282]},"39":{"ul":[1031.23602958558,1232.59457203562],"ur":[2864.6613951163,1239.44497692178],"lr":[2840.0420341195,2414.90726730731],"ll":[1033.03163312995,2415.50579697665]},"40":{"ul":[1028.89010492702,1230.00875331975],"ur":[2866.29494502621,1236.78339195944],"lr":[2842.23403436942,2415.60445262545],"ll":[1030.68990305708,2416.40699043414]},"41":{"ul":[1026.53036960967,1227.48800474413],"ur":[2867.95265867978,1234.07596958828],"lr":[2844.56551418074,2416.44247623279],"ll":[1028.39917392064,2417.38921346904]},"42":{"ul":[1024.22349567929,1224.92722591978],"ur":[2869.5485357237,1231.39473690026],"lr":[2846.86330915731,2417.18906670039],"ll":[1025.96365428492,2418.27607689515]},"43":{"ul":[1021.77373299575,1222.40186722742],"ur":[2871.17961701885,1228.72975956114],"lr":[2849.18099055429,2417.93106241946],"ll":[1023.59224946615,2419.23650954853]},"44":{"ul":[1019.39975492843,1219.85127551254],"ur":[2872.86240021472,1226.03836097625],"lr":[2851.46334782659,2418.59317260572],"ll":[1021.12194843022,2420.18872579339]},"45":{"ul":[1016.92342357232,1217.32599924854],"ur":[2874.53912720717,1223.40830382242],"lr":[2853.86589975533,2419.46020098891],"ll":[1018.8166874569,2421.08065480029]},"46":{"ul":[1014.43469689217,1214.75149710646],"ur":[2876.16139284611,1220.75198059249],"lr":[2856.10389626758,2420.04388997763],"ll":[1016.53712998781,2421.92241797332]},