{"0":{"ul":[1192.91380771411,1349.0038032114],"ur":[2584.5521269254,1370.09711712892],"lr":[2637.67105738114,2308.17166611287],"ll":[1232.60295090494,2323.66653298271]},"1":{"ul":[1190.58442168162,1347.09033031821],"ur":[2586.58404372699,1368.38661425535],"lr":[2640.02699358033,2309.49206733463],"ll":[1230.35036406324,2325.05571849944]},"2":{"ul":[1187.86918618993,1345.32268432977],"ur":[2589.46721564797,1366.85111754067],"lr":[2642.53830202983,2310.38735005554],"ll":[1227.92783977364,2326.56249159001]},"3":{"ul":[1185.09792696629,1343.51337027183],"ur":[2592.08805698188,1365.15489719713],"lr":[2645.0774149446,2311.63947754357],"ll":[1225.14178469585,2327.79571546869]},"4":{"ul":[1182.37081466528,1341.71036663817],"ur":[2594.67077291523,1363.40088267245],"lr":[2647.61380729942,2312.85373194935],"ll":[1222.26502291354,2329.10997170014]},"5":{"ul":[1179.70117954193,1339.90422791409],"ur":[2597.33916839894,1361.66852578002],"lr":[2650.14787821416,2314.10572586765],"ll":[1219.37673829124,2330.36244598042]},"6":{"ul":[1176.94312038335,1338.09378165456],"ur":[2599.93988296278,1359.89715451231],"lr":[2652.80386371139,2315.38792174566],"ll":[1216.56704775523,2331.6276584828]},"7":{"ul":[1174.23946284327,1336.32430573969],"ur":[2602.60153436597,1358.07035344208],"lr":[2655.40934744594,2316.61643729784],"ll":[1213.66027709592,2332.92191260022]},"8":{"ul":[1171.33742885618,1334.44787686343],"ur":[2605.27990306546,1356.28966097791],"lr":[2658.06129621402,2317.91435421178],"ll":[1210.83317107154,2334.21545569707]},"9":{"ul":[1168.70147729343,1332.63381850467],"ur":[2608.00415002458,1354.44309720306],"lr":[2660.5898692292,2319.20052493358],"ll":[1207.92091914324,2335.5345293114]},"10":{"ul":[1165.95250578895,1330.80073480024],"ur":[2610.68761644545,1352.63460443148],"lr":[2663.32334939943,2320.50515415685],"ll":[1204.99623299671,2336.82886921817]},"11":{"ul":[1163.23260630682,1328.94334578849],"ur":[2613.4130401574,1350.81575288228],"lr":[2666.02822466981,2321.82840989666],"ll":[1201.98030416924,2338.15578403881]},"12":{"ul":[1160.38748498513,1327.08789977939],"ur":[2616.17005827863,1348.95584479964],"lr":[2668.72730852267,2323.11129167019],"ll":[1199.04386854112,2339.49872308213]},"13":{"ul":[1157.26377343372,1325.08191116183],"ur":[2619.01248008426,1346.94258572884],"lr":[2671.56913414568,2324.47094041429],"ll":[1195.84275702192,2340.98196710532]},"14":{"ul":[1154.22745185459,1323.02795430334],"ur":[2621.95656105395,1344.950390413],"lr":[2674.30150676125,2325.91380440775],"ll":[1192.68803154563,2342.34497082383]},"15":{"ul":[1151.18571481782,1320.95455949502],"ur":[2624.82771846236,1342.93771994401],"lr":[2677.20696459567,2327.35707265438],"ll":[1189.34333635095,2343.77285484171]},"16":{"ul":[1148.0427551603,1318.91042725678],"ur":[2627.70480393875,1340.8657308116],"lr":[2680.06790126948,2328.77463508737],"ll":[1186.16570460346,2345.25614913196]},"17":{"ul":[1144.87233261677,1316.88296431875],"ur":[2630.6152619072,1338.87154056539],"lr":[2682.90810711373,2330.2208243113],"ll":[1182.87833963209,2346.72205518257]},"18":{"ul":[1141.85129292022,1314.75853387849],"ur":[2633.52132663934,1336.7959440243],"lr":[2685.78391718052,2331.73688560469],"ll":[1179.42042792653,2348.19609643748]},"19":{"ul":[1138.62063892824,1312.69633499746],"ur":[2636.43543915568,1334.69852583185],"lr":[2688.65804762867,2333.16620077669],"ll":[1176.19500151367,2349.65452721279]},"20":{"ul":[1135.46306840199,1310.59020936091],"ur":[2639.37296501026,1332.60338445768],"lr":[2691.55437454286,2334.63073810042],"ll":[1172.80507540154,2351.1586895813]},"21":{"ul":[1132.10055184558,1308.46488957945],"ur":[2642.34467946805,1330.54975323611],"lr":[2694.36495799582,2336.05944001496],"ll":[1169.36896994898,2352.68054889675]},"22":{"ul":[1128.90652967316,1306.34132228306],"ur":[2645.21585212582,1328.45886398171],"lr":[2697.42598524026,2337.5972830074],"ll":[1165.8242011012,2354.18773226537]},"23":{"ul":[1125.77284094909,1304.21036808768],"ur":[2648.1837711832,1326.32494458841],"lr":[2700.28196808329,2339.11322770556],"ll":[1162.43397883332,2355.710124323]},"24":{"ul":[1122.51809062659,1302.06063916578],"ur":[2651.12370698608,1324.19784809458],"lr":[2703.12545163786,2340.61713060879],"ll":[1158.89732260568,2357.2946467749]},"25":{"ul":[1119.22192953303,1299.9230616199],"ur":[2654.16119175939,1322.07922823629],"lr":[2706.03235239163,2342.0989294771],"ll":[1155.54532263994,2358.78514820967]},"26":{"ul":[1115.75050300908,1297.67818577247],"ur":[2657.12170647838,1319.91100864951],"lr":[2709.00445572043,2343.55851210925],"ll":[1151.87652541772,2360.38821153074]},"27":{"ul":[1112.6366614289,1295.52642306815],"ur":[2660.10704942835,1317.70473466516],"lr":[2711.97958970072,2345.18620433039],"ll":[1148.3184194347,2361.86513522621]},"28":{"ul":[1109.2707218601,1293.35230197956],"ur":[2663.10106910768,1315.51543235573],"lr":[2714.93595690099,2346.70114358216],"ll":[1144.81248487472,2363.49076250738]},"29":{"ul":[1105.94961097223,1291.18972259236],"ur":[2666.13595182138,1313.36056766526],"lr":[2717.89368209617,2348.22907933333],"ll":[1141.1089267558,2365.09900229681]},"30":{"ul":[1102.29223833899,1288.90983356545],"ur":[2669.23134926551,1311.16649029762],"lr":[2720.83166255019,2349.75950925659],"ll":[1137.59717523297,2366.64328084583]},"31":{"ul":[1098.81691647903,1286.64794525434],"ur":[2672.03384845479,1308.70855870951],"lr":[2723.89140381075,2351.64935931145],"ll":[1133.63685391503,2367.93298972586]},"32":{"ul":[1095.56413021339,1284.40651736987],"ur":[2675.3094821471,1306.62997622348],"lr":[2726.88276615849,2352.93595591648],"ll":[1130.35738661007,2369.75742825836]},"33":{"ul":[1092.05340564874,1282.18394537627],"ur":[2678.1968741558,1304.22220190731],"lr":[2729.97914389365,2354.81154368619],"ll":[1126.43192663424,2371.01721681988]},"34":{"ul":[1088.51315095264,1279.87450219409],"ur":[2681.29357153243,1301.9447310706],"lr":[2732.97857426626,2356.35778953189],"ll":[1122.67492986011,2372.61058751241]},"35":{"ul":[1084.90933433537,1277.57132230883],"ur":[2684.38867516826,1299.59456060851],"lr":[2736.01878864616,2357.94346801725],"ll":[1118.99416491428,2374.21899948258]},"36":{"ul":[1081.59565555559,1275.25916971737],"ur":[2687.53521482665,1297.31177073623],"lr":[2739.04908373791,2359.64380453787],"ll":[1115.18741451493,2375.82587262865]},"37":{"ul":[1078.06413328774,1272.98666767797],"ur":[2690.68452947943,1294.99870163496],"lr":[2742.149383264,2361.2842407869],"ll":[1111.53643600402,2377.48319305631]},"38":{"ul":[1074.56179700573,1270.63291467618],"ur":[2693.79960732251,1292.65479285039],"lr":[2745.33704109589,2363.01435139971],"ll":[1107.72281194285,2379.15491260363]},"39":{"ul":[1070.7473101651,1268.24809915464],"ur":[2696.92512052342,1290.27416223622],"lr":[2748.45924790558,2364.67574958759],"ll":[1104.05267668672,2380.76546746478]},"40":{"ul":[1067.18887155956,1265.86974360238],"ur":[2700.05336961093,1287.91863637295],"lr":[2751.46930969122,2366.28817843745],"ll":[1100.09739290936,2382.54295855879]},"41":{"ul":[1063.61628743214,1263.48086615747],"ur":[2703.31330051215,1285.65050985378],"lr":[2754.60111847892,2367.98359627391],"ll":[1096.18917411176,2384.21907739604]},"42":{"ul":[1059.93037445092,1261.10589081852],"ur":[2706.45828676412,1283.25974625555],"lr":[2757.79387996546,2369.72132957081],"ll":[1092.40033363152,2385.9095525207]},"43":{"ul":[1056.11079491659,1258.67199576415],"ur":[2709.70846696251,1280.84684481894],"lr":[2761.00818572872,2371.38822021414],"ll":[1088.33536468631,2387.65822669501]},"44":{"ul":[1052.34322853128,1256.27776073154],"ur":[2712.92891099183,1278.422812735],"lr":[2764.25237295001,2373.0644139614],"ll":[1084.48706449815,2389.35735088368]},"45":{"ul":[1048.80051410141,1253.87426303963],"ur":[2716.22064633419,1276.00344835273],"lr":[2767.41557028978,2374.84820546891],"ll":[1080.49544744042,2391.13150236396]},"46":{"ul":[1045.00160217657,1251.38635186371],"ur":[2719.57989070773,1273.48704145932],"lr":[2770.64190104102,2376.582237383],"ll":[1076.44560661272,2392.842138096]},