{"0":{"ul":[1042.08618606219,1077.97622749206],"ur":[2686.79073064805,986.465684638897],"lr":[2671.50248902016,1759.79559967825],"ll":[1140.83915814553,1844.19955924513]},"1":{"ul":[1039.91269909641,1075.71154192468],"ur":[2688.62987046222,984.05827866652],"lr":[2673.1005145506,1759.46033100769],"ll":[1139.16881724672,1843.98350884918]},"2":{"ul":[1037.88844052001,1073.62512470547],"ur":[2690.47322759912,981.732936734495],"lr":[2674.85053077642,1758.98608141051],"ll":[1137.41585852915,1843.82842071802]},"3":{"ul":[1035.64455325549,1071.64027866593],"ur":[2692.3530720025,979.525728611341],"lr":[2676.50949685653,1758.55022494777],"ll":[1135.56208859884,1843.63433308761]},"4":{"ul":[1033.57456146322,1069.57004507659],"ur":[2694.15602884704,977.227731217811],"lr":[2678.29744143855,1758.21866516313],"ll":[1133.71598240901,1843.42417184054]},"5":{"ul":[1031.38114719705,1067.41274297725],"ur":[2696.03840868055,974.960532676571],"lr":[2679.95829631649,1757.91569251691],"ll":[1131.99618595745,1843.21730178761]},"6":{"ul":[1029.25021114174,1065.43279137417],"ur":[2698.02131151618,972.585806268008],"lr":[2681.76990447692,1757.4631815952],"ll":[1130.16548361801,1843.09981260712]},"7":{"ul":[1027.00723035362,1063.23498764904],"ur":[2699.81419157166,970.174011716877],"lr":[2683.39801670411,1757.04671637556],"ll":[1128.41049688764,1842.87634672622]},"8":{"ul":[1024.75896971029,1060.98863787102],"ur":[2701.73477974499,967.720812487114],"lr":[2685.18274947206,1756.69302662092],"ll":[1126.52208488965,1842.6696932048]},"9":{"ul":[1022.5252532735,1058.85280264795],"ur":[2703.76215410482,965.407772920464],"lr":[2686.886344566,1756.37849887965],"ll":[1124.74189628816,1842.48681913485]},"10":{"ul":[1020.25429677172,1056.9215851337],"ur":[2705.63516724967,963.092558963564],"lr":[2688.70243025093,1755.94194464507],"ll":[1122.86308416876,1842.31377459085]},"11":{"ul":[1018.10080693419,1054.64639689834],"ur":[2707.49606178527,960.725203165049],"lr":[2690.5206388491,1755.49335367725],"ll":[1120.97915256513,1842.11914518492]},"12":{"ul":[1015.87766819329,1052.42875221719],"ur":[2709.48666175463,958.271501153094],"lr":[2692.31821923031,1755.14028751158],"ll":[1119.11794822698,1841.93662411951]},"13":{"ul":[1013.61409403239,1050.40704112144],"ur":[2711.50419713508,955.955626695217],"lr":[2694.01291128885,1754.77977997838],"ll":[1117.29293743807,1841.80528532638]},"14":{"ul":[1011.3975421866,1048.11751941841],"ur":[2713.48156759581,953.431637828995],"lr":[2695.88776617087,1754.36106623525],"ll":[1115.40883259036,1841.59703934066]},"15":{"ul":[1009.14025155281,1045.92524945102],"ur":[2715.33907636329,951.123177666216],"lr":[2697.740677356,1753.97897484139],"ll":[1113.42260630682,1841.40137034772]},"16":{"ul":[1006.80017825056,1043.7340218835],"ur":[2717.36571496559,948.607118222836],"lr":[2699.60571619867,1753.56454584484],"ll":[1111.55391594149,1841.18006189057]},"17":{"ul":[1004.41171765741,1041.35795796252],"ur":[2719.46026551632,946.044438185053],"lr":[2701.29305131014,1753.20961451],"ll":[1109.71813119783,1841.05837089566]},"18":{"ul":[1002.23440337935,1039.27420135979],"ur":[2721.45736781631,943.707429332616],"lr":[2703.21735580473,1752.79205133101],"ll":[1107.82457751547,1840.84121980601]},"19":{"ul":[999.814351194245,1037.00251373442],"ur":[2723.41097281307,941.189357233393],"lr":[2705.01498212643,1752.36767724488],"ll":[1105.92807636182,1840.57845053179]},"20":{"ul":[997.44486225057,1034.65512568616],"ur":[2725.45521447397,938.612027757485],"lr":[2706.91815538271,1751.9433947221],"ll":[1103.91134061774,1840.40999931513]},"21":{"ul":[995.018360331313,1032.39441561112],"ur":[2727.56185649391,936.12149851858],"lr":[2708.71412817719,1751.55274801541],"ll":[1102.04942264209,1840.20947530409]},"22":{"ul":[992.751776381555,1030.044078652],"ur":[2729.51335982218,933.509305266421],"lr":[2710.65629183557,1751.08219986172],"ll":[1100.11516357126,1839.99675224663]},"23":{"ul":[990.287185097281,1027.76630697218],"ur":[2731.58709346399,930.986011614925],"lr":[2712.54534417466,1750.68716185072],"ll":[1098.05838405417,1839.81704840732]},"24":{"ul":[987.788067577432,1025.51952794007],"ur":[2733.78671538981,928.467819216413],"lr":[2714.4190967239,1750.34198438611],"ll":[1096.0938521579,1839.65702291357]},"25":{"ul":[985.528457885994,1023.22968846867],"ur":[2735.80056349933,925.915146381619],"lr":[2716.27011423657,1749.86968971133],"ll":[1094.20231143128,1839.45900622033]},"26":{"ul":[982.956010432967,1020.72670408896],"ur":[2737.87347303486,923.173870278068],"lr":[2718.10066179603,1749.46569077764],"ll":[1092.18650451691,1839.25166658354]},"27":{"ul":[980.503354361167,1018.36356533201],"ur":[2740.01232591367,920.591497618794],"lr":[2720.11288991953,1748.9662004379],"ll":[1090.21807939764,1839.01902896154]},"28":{"ul":[978.179447259237,1016.03486234181],"ur":[2742.1130266839,918.037109643215],"lr":[2722.01840775295,1748.58346999077],"ll":[1088.09665500533,1838.79394703836]},"29":{"ul":[975.599658253449,1013.71771832482],"ur":[2744.32776388898,915.572234801552],"lr":[2723.84622126686,1748.2464186691],"ll":[1086.09225445593,1838.66212640993]},"30":{"ul":[973.179728901513,1011.35251863273],"ur":[2746.38923226727,912.85678555591],"lr":[2725.88524037411,1747.72992383078],"ll":[1084.11518304755,1838.43091744055]},"31":{"ul":[970.73892486629,1008.94838069396],"ur":[2748.57288481145,910.180895852919],"lr":[2727.87055128898,1747.29724523809],"ll":[1082.02032381923,1838.14171373255]},"32":{"ul":[968.240949955443,1006.51227241422],"ur":[2750.74388062139,907.517304953471],"lr":[2729.82330194493,1746.83247493147],"ll":[1079.94130283059,1837.97097026695]},"33":{"ul":[965.674145214106,1003.9862591238],"ur":[2752.9327036064,904.794702931742],"lr":[2731.69725017462,1746.47689683082],"ll":[1078.04727046703,1837.80175648237]},"34":{"ul":[963.196327765359,1001.66166451159],"ur":[2755.1445423265,902.105613530424],"lr":[2733.76046786072,1745.97870463141],"ll":[1075.95758510856,1837.5614206598]},"35":{"ul":[960.532891199425,999.255855279173],"ur":[2757.33310871859,899.424309248336],"lr":[2735.76578303062,1745.5602359876],"ll":[1073.76528079263,1837.30485417696]},"36":{"ul":[958.080278606062,996.694478394991],"ur":[2759.5581532614,896.632128885796],"lr":[2737.79723376249,1745.07034882705],"ll":[1071.64302958846,1837.10449251877]},"37":{"ul":[955.527638648367,994.25439534514],"ur":[2761.73420637984,893.982389795936],"lr":[2739.8086594694,1744.66992224214],"ll":[1069.67139893562,1836.92775071153]},"38":{"ul":[952.829553236694,991.641009434439],"ur":[2764.0755053344,891.147224551395],"lr":[2741.70627119294,1744.24664837471],"ll":[1067.49984138199,1836.73705353843]},"39":{"ul":[950.246247847715,989.23347137465],"ur":[2766.27993608496,888.442842788785],"lr":[2743.80206734718,1743.71211194474],"ll":[1065.33366076333,1836.4735705047]},"40":{"ul":[947.636746477621,986.639501130623],"ur":[2768.53978450943,885.571950562869],"lr":[2745.91566112829,1743.28948792018],"ll":[1063.16704938214,1836.23668961388]},"41":{"ul":[945.047684170211,984.094139167096],"ur":[2770.81348025084,882.798745400178],"lr":[2747.90318424374,1742.87547665545],"ll":[1061.13025803272,1836.09660902659]},"42":{"ul":[942.400440276342,981.631905389924],"ur":[2773.15797219236,880.083658626457],"lr":[2749.95562703732,1742.44589845759],"ll":[1058.90902666242,1835.81939641542]},"43":{"ul":[939.735580636607,979.077663611498],"ur":[2775.42186799118,877.235299211367],"lr":[2752.0591023669,1741.91692645048],"ll":[1056.74502717209,1835.56233124646]},"44":{"ul":[937.088195702223,976.39650418574],"ur":[2777.72683590232,874.313256330089],"lr":[2754.21067678773,1741.4536012218],"ll":[1054.47825188403,1835.34938390208]},"45":{"ul":[934.401372197614,973.857457670978],"ur":[2780.14310355802,871.498738353674],"lr":[2756.32391323255,1741.03823229623],"ll":[1052.43551135145,1835.16802893617]},"46":{"ul":[931.632785375681,971.240261153447],"ur":[2782.44943606717,868.587261604779],"lr":[2758.36552295002,1740.55857144727],"ll":[1050.10436408327,1834.90245406302]},